INSERT INTO location (locationID, provinceOrTerritory, cityOrDistrict) VALUES (1, 'Ontario', 'Toronto');
INSERT INTO location (locationID, provinceOrTerritory, cityOrDistrict) VALUES (2, 'Ontario', 'Ottawa');
INSERT INTO location (locationID, provinceOrTerritory, cityOrDistrict) VALUES (3, 'Ontario', 'London');
INSERT INTO location (locationID, provinceOrTerritory, cityOrDistrict) VALUES (4, 'Ontario', 'Hamilton');
INSERT INTO location (locationID, provinceOrTerritory, cityOrDistrict) VALUES (5, 'Quebec', 'Montreal');
INSERT INTO location (locationID, provinceOrTerritory, cityOrDistrict) VALUES (6, 'Quebec', 'Quebec City');
INSERT INTO location (locationID, provinceOrTerritory, cityOrDistrict) VALUES (7, 'Quebec', 'Trois-Rivières');
INSERT INTO location (locationID, provinceOrTerritory, cityOrDistrict) VALUES (8, 'Saskatchewan', 'Regina');
INSERT INTO location (locationID, provinceOrTerritory, cityOrDistrict) VALUES (9, 'Saskatchewan', 'Saskatoon');
INSERT INTO location (locationID, provinceOrTerritory, cityOrDistrict) VALUES (10, 'Saskatchewan', 'Moose Jaw');
INSERT INTO location (locationID, provinceOrTerritory, cityOrDistrict) VALUES (11, 'Alberta', 'Calgary');
INSERT INTO location (locationID, provinceOrTerritory, cityOrDistrict) VALUES (12, 'Alberta', 'Edmonton');
INSERT INTO location (locationID, provinceOrTerritory, cityOrDistrict) VALUES (13, 'Alberta', 'Red Deer');
INSERT INTO location (locationID, provinceOrTerritory, cityOrDistrict) VALUES (14, 'British Columbia', 'Vancouver');
INSERT INTO location (locationID, provinceOrTerritory, cityOrDistrict) VALUES (15, 'British Columbia', 'Victoria');
INSERT INTO location (locationID, provinceOrTerritory, cityOrDistrict) VALUES (16, 'British Columbia', 'Kelowna');
INSERT INTO location (locationID, provinceOrTerritory, cityOrDistrict) VALUES (17, 'Manitoba', 'Winnipeg');
INSERT INTO location (locationID, provinceOrTerritory, cityOrDistrict) VALUES (18, 'Manitoba', 'Brandon');
INSERT INTO location (locationID, provinceOrTerritory, cityOrDistrict) VALUES (19, 'New Brunswick', 'Fredericton');
INSERT INTO location (locationID, provinceOrTerritory, cityOrDistrict) VALUES (20, 'Newfoundland and Labrador', 'St. John''s');

INSERT INTO growingZone (growingZoneID, locationID, chillHours, waterAvailability, soilQuality) VALUES (1, 1, 1200, 'High', 'High');
INSERT INTO growingZone (growingZoneID, locationID, chillHours, waterAvailability, soilQuality) VALUES (2, 1, 1200, 'High', 'High');
INSERT INTO growingZone (growingZoneID, locationID, chillHours, waterAvailability, soilQuality) VALUES (3, 1, 1200, 'High', 'High');
INSERT INTO growingZone (growingZoneID, locationID, chillHours, waterAvailability, soilQuality) VALUES (4, 2, 1200, 'High', 'High');
INSERT INTO growingZone (growingZoneID, locationID, chillHours, waterAvailability, soilQuality) VALUES (5, 2, 1000, 'High', 'Mid');
INSERT INTO growingZone (growingZoneID, locationID, chillHours, waterAvailability, soilQuality) VALUES (6, 2, 1000, 'High', 'Mid');
INSERT INTO growingZone (growingZoneID, locationID, chillHours, waterAvailability, soilQuality) VALUES (7, 3, 1000, 'High', 'Mid');
INSERT INTO growingZone (growingZoneID, locationID, chillHours, waterAvailability, soilQuality) VALUES (8, 4, 1600, 'Moderate', 'High');
INSERT INTO growingZone (growingZoneID, locationID, chillHours, waterAvailability, soilQuality) VALUES (9, 4, 1800, 'High', 'Mid');
INSERT INTO growingZone (growingZoneID, locationID, chillHours, waterAvailability, soilQuality) VALUES (10, 5, 1800, 'High', 'Mid');
INSERT INTO growingZone (growingZoneID, locationID, chillHours, waterAvailability, soilQuality) VALUES (11, 5, 1300, 'Moderate', 'Mid');
INSERT INTO growingZone (growingZoneID, locationID, chillHours, waterAvailability, soilQuality) VALUES (12, 6, 1500, 'High', 'Mid');
INSERT INTO growingZone (growingZoneID, locationID, chillHours, waterAvailability, soilQuality) VALUES (13, 6, 1300, 'Moderate', 'Mid');
INSERT INTO growingZone (growingZoneID, locationID, chillHours, waterAvailability, soilQuality) VALUES (14, 7, 1200, 'High', 'High');
INSERT INTO growingZone (growingZoneID, locationID, chillHours, waterAvailability, soilQuality) VALUES (15, 7, 1200, 'High', 'High');
INSERT INTO growingZone (growingZoneID, locationID, chillHours, waterAvailability, soilQuality) VALUES (16, 7, 1500, 'Moderate', 'High');
INSERT INTO growingZone (growingZoneID, locationID, chillHours, waterAvailability, soilQuality) VALUES (17, 8, 1700, 'High', 'High');
INSERT INTO growingZone (growingZoneID, locationID, chillHours, waterAvailability, soilQuality) VALUES (18, 9, 1500, 'High', 'High');
INSERT INTO growingZone (growingZoneID, locationID, chillHours, waterAvailability, soilQuality) VALUES (19, 10, 1700, 'Moderate', 'Mid');
INSERT INTO growingZone (growingZoneID, locationID, chillHours, waterAvailability, soilQuality) VALUES (20, 11, 1600, 'Moderate', 'High');
INSERT INTO growingZone (growingZoneID, locationID, chillHours, waterAvailability, soilQuality) VALUES (21, 11, 1500, 'Moderate', 'High');
INSERT INTO growingZone (growingZoneID, locationID, chillHours, waterAvailability, soilQuality) VALUES (22, 12, 2300, 'High', 'Low');
INSERT INTO growingZone (growingZoneID, locationID, chillHours, waterAvailability, soilQuality) VALUES (23, 13, 2500, 'Low', 'Low');
INSERT INTO growingZone (growingZoneID, locationID, chillHours, waterAvailability, soilQuality) VALUES (24, 14, 2500, 'Moderate', 'Low');
INSERT INTO growingZone (growingZoneID, locationID, chillHours, waterAvailability, soilQuality) VALUES (25, 15, 1500, 'Moderate', 'Mid');

INSERT INTO farmer (farmerID, lastName, firstName, phoneNumber) VALUES (1, 'Smith', 'John', '4165551234');
INSERT INTO farmer (farmerID, lastName, firstName, phoneNumber) VALUES (2, 'MacDonald', 'Emily', '5145555678');
INSERT INTO farmer (farmerID, lastName, firstName, phoneNumber) VALUES (3, 'Thompson', 'Ethan', '6045558765');
INSERT INTO farmer (farmerID, lastName, firstName, phoneNumber) VALUES (4, 'Lévesque', 'Sophie', '4035552345');
INSERT INTO farmer (farmerID, lastName, firstName, phoneNumber) VALUES (5, 'Singh', 'Aiden', '9055557890');
INSERT INTO farmer (farmerID, lastName, firstName, phoneNumber) VALUES (6, 'O Connor', 'Lily', '5195553456');
INSERT INTO farmer (farmerID, lastName, firstName, phoneNumber) VALUES (7, 'Chen', 'Noah', '6135559012');
INSERT INTO farmer (farmerID, lastName, firstName, phoneNumber) VALUES (8, 'Gauthier', 'Grace', '7805556789');
INSERT INTO farmer (farmerID, lastName, firstName, phoneNumber) VALUES (9, 'Johnson', 'Ella', '4165554567');
INSERT INTO farmer (farmerID, lastName, firstName, phoneNumber) VALUES (10, 'Dubois', 'Lucas', '5145557890');
INSERT INTO farmer (farmerID, lastName, firstName, phoneNumber) VALUES (11, 'Stewart', 'Ava', '6045552345');
INSERT INTO farmer (farmerID, lastName, firstName, phoneNumber) VALUES (12, 'Wong', 'Leah', '4035555678');
INSERT INTO farmer (farmerID, lastName, firstName, phoneNumber) VALUES (13, 'McKenzie', 'Elijah', '9055558765');
INSERT INTO farmer (farmerID, lastName, firstName, phoneNumber) VALUES (14, 'Roy', 'Olivia', '5195559012');
INSERT INTO farmer (farmerID, lastName, firstName, phoneNumber) VALUES (15, 'Tremblay', 'Liam', '6135551234');
INSERT INTO farmer (farmerID, lastName, firstName, phoneNumber) VALUES (16, 'Patel', 'Sophia', '7805554567');
INSERT INTO farmer (farmerID, lastName, firstName, phoneNumber) VALUES (17, 'Brown', 'Benjamin', '4165557890');
INSERT INTO farmer (farmerID, lastName, firstName, phoneNumber) VALUES (18, 'Garcia', 'Mia', '5145559012');
INSERT INTO farmer (farmerID, lastName, firstName, phoneNumber) VALUES (19, 'Robinson', 'Logan', '6045551234');
INSERT INTO farmer (farmerID, lastName, firstName, phoneNumber) VALUES (20, 'Li', 'Zoe', '4035555678');
INSERT INTO farmer (farmerID, lastName, firstName, phoneNumber) VALUES (21, 'White', 'Eva', '9055552345');
INSERT INTO farmer (farmerID, lastName, firstName, phoneNumber) VALUES (22, 'Anderson', 'Jackson', '5195558765');
INSERT INTO farmer (farmerID, lastName, firstName, phoneNumber) VALUES (23, 'Dupont', 'Avery', '6135553456');
INSERT INTO farmer (farmerID, lastName, firstName, phoneNumber) VALUES (24, 'Nguyen', 'William', '7805559012');
INSERT INTO farmer (farmerID, lastName, firstName, phoneNumber) VALUES (25, 'Côté', 'Madison', '4165558765');

INSERT INTO species (speciesID, speciesName, requiredChillHours, requiredWaterAvailability, requiredSoilQuality) VALUES (1, 'Malus domestica', 800, 'Medium', 'Average');
INSERT INTO species (speciesID, speciesName, requiredChillHours, requiredWaterAvailability, requiredSoilQuality) VALUES (2, 'Vaccinium corymbosum', 1200, 'High', 'Good');
INSERT INTO species (speciesID, speciesName, requiredChillHours, requiredWaterAvailability, requiredSoilQuality) VALUES (3, 'Pyrus', 1000, 'Medium', 'Average');
INSERT INTO species (speciesID, speciesName, requiredChillHours, requiredWaterAvailability, requiredSoilQuality) VALUES (4, 'Prunus persica', 800, 'High', 'Average');
INSERT INTO species (speciesID, speciesName, requiredChillHours, requiredWaterAvailability, requiredSoilQuality) VALUES (5, 'Vitis vinifera', 600, 'Low', 'Average');
INSERT INTO species (speciesID, speciesName, requiredChillHours, requiredWaterAvailability, requiredSoilQuality) VALUES (6, 'Vaccinium macrocarpon', 1200, 'High', 'Good');
INSERT INTO species (speciesID, speciesName, requiredChillHours, requiredWaterAvailability, requiredSoilQuality) VALUES (7, 'Fragaria × ananassa', 700, 'High', 'Good');
INSERT INTO species (speciesID, speciesName, requiredChillHours, requiredWaterAvailability, requiredSoilQuality) VALUES (8, 'Triticum aestivum', 600, 'Medium', 'Good');
INSERT INTO species (speciesID, speciesName, requiredChillHours, requiredWaterAvailability, requiredSoilQuality) VALUES (9, 'Hordeum vulgare', NULL, 'Low', 'Good');
INSERT INTO species (speciesID, speciesName, requiredChillHours, requiredWaterAvailability, requiredSoilQuality) VALUES (10, 'Zea mays', NULL, 'Medium', 'Good');
INSERT INTO species (speciesID, speciesName, requiredChillHours, requiredWaterAvailability, requiredSoilQuality) VALUES (11, 'Helianthus annuus', NULL, 'Medium', 'Average');
INSERT INTO species (speciesID, speciesName, requiredChillHours, requiredWaterAvailability, requiredSoilQuality) VALUES (12, 'Solanum tuberosum', NULL, 'High', 'Good');
INSERT INTO species (speciesID, speciesName, requiredChillHours, requiredWaterAvailability, requiredSoilQuality) VALUES (13, 'Lactuca sativa', NULL, 'Medium', 'Average');
INSERT INTO species (speciesID, speciesName, requiredChillHours, requiredWaterAvailability, requiredSoilQuality) VALUES (14, 'Allium cepa', NULL, 'High', 'Good');
INSERT INTO species (speciesID, speciesName, requiredChillHours, requiredWaterAvailability, requiredSoilQuality) VALUES (15, 'Asparagus officinalis', NULL, 'High', 'Good');
INSERT INTO species (speciesID, speciesName, requiredChillHours, requiredWaterAvailability, requiredSoilQuality) VALUES (16, 'Beta vulgaris', NULL, 'Medium', 'Average');
INSERT INTO species (speciesID, speciesName, requiredChillHours, requiredWaterAvailability, requiredSoilQuality) VALUES (17, 'Solanum lycopersicum', NULL, 'Medium', 'Good');
INSERT INTO species (speciesID, speciesName, requiredChillHours, requiredWaterAvailability, requiredSoilQuality) VALUES (18, 'Daucus carota', NULL, 'Medium', 'Good');
INSERT INTO species (speciesID, speciesName, requiredChillHours, requiredWaterAvailability, requiredSoilQuality) VALUES (19, 'Glycine max', NULL, 'High', 'Average');
INSERT INTO species (speciesID, speciesName, requiredChillHours, requiredWaterAvailability, requiredSoilQuality) VALUES (20, 'Phaseolus vulgaris', NULL, 'High', 'Good');
INSERT INTO species (speciesID, speciesName, requiredChillHours, requiredWaterAvailability, requiredSoilQuality) VALUES (21, 'Lens culinaris', NULL, 'Medium', 'Good');
INSERT INTO species (speciesID, speciesName, requiredChillHours, requiredWaterAvailability, requiredSoilQuality) VALUES (22, 'Cicer arietinum', NULL, 'High', 'Good');
INSERT INTO species (speciesID, speciesName, requiredChillHours, requiredWaterAvailability, requiredSoilQuality) VALUES (23, 'Pisum sativum', NULL, 'High', 'Average');
INSERT INTO species (speciesID, speciesName, requiredChillHours, requiredWaterAvailability, requiredSoilQuality) VALUES (24, 'Phaseolus vulgaris', NULL, 'High', 'Good');
INSERT INTO species (speciesID, speciesName, requiredChillHours, requiredWaterAvailability, requiredSoilQuality) VALUES (25, 'Phaseolus vulgaris', NULL, 'Medium', 'Good');

INSERT INTO farm (farmID, growingZoneID, farmerID, productiveSurface) VALUES (1, 2, 1, 80000);
INSERT INTO farm (farmID, growingZoneID, farmerID, productiveSurface) VALUES (2, 2, 2, 80000);
INSERT INTO farm (farmID, growingZoneID, farmerID, productiveSurface) VALUES (3, 3, 2, 12000);
INSERT INTO farm (farmID, growingZoneID, farmerID, productiveSurface) VALUES (4, 4, 3, 50000);
INSERT INTO farm (farmID, growingZoneID, farmerID, productiveSurface) VALUES (5, 5, 4, 60000);
INSERT INTO farm (farmID, growingZoneID, farmerID, productiveSurface) VALUES (6, 6, 5, 90000);
INSERT INTO farm (farmID, growingZoneID, farmerID, productiveSurface) VALUES (7, 7, 6, 70000);
INSERT INTO farm (farmID, growingZoneID, farmerID, productiveSurface) VALUES (8, 2, 7, 11000);
INSERT INTO farm (farmID, growingZoneID, farmerID, productiveSurface) VALUES (9, 2, 7, 75000);
INSERT INTO farm (farmID, growingZoneID, farmerID, productiveSurface) VALUES (10, 11, 8, 85000);
INSERT INTO farm (farmID, growingZoneID, farmerID, productiveSurface) VALUES (11, 11, 8, 95000);
INSERT INTO farm (farmID, growingZoneID, farmerID, productiveSurface) VALUES (12, 12, 9, 65000);
INSERT INTO farm (farmID, growingZoneID, farmerID, productiveSurface) VALUES (13, 13, 10, 10500);
INSERT INTO farm (farmID, growingZoneID, farmerID, productiveSurface) VALUES (14, 14, 11, 55000);
INSERT INTO farm (farmID, growingZoneID, farmerID, productiveSurface) VALUES (15, 15, 12, 75000);
INSERT INTO farm (farmID, growingZoneID, farmerID, productiveSurface) VALUES (16, 16, 13, 80000);
INSERT INTO farm (farmID, growingZoneID, farmerID, productiveSurface) VALUES (17, 17, 14, 99000);
INSERT INTO farm (farmID, growingZoneID, farmerID, productiveSurface) VALUES (18, 12, 15, 12000);
INSERT INTO farm (farmID, growingZoneID, farmerID, productiveSurface) VALUES (19, 3, 16, 50000);
INSERT INTO farm (farmID, growingZoneID, farmerID, productiveSurface) VALUES (20, 4, 17, 6000);
INSERT INTO farm (farmID, growingZoneID, farmerID, productiveSurface) VALUES (21, 5, 18, 9000);
INSERT INTO farm (farmID, growingZoneID, farmerID, productiveSurface) VALUES (22, 8, 19, 7000);
INSERT INTO farm (farmID, growingZoneID, farmerID, productiveSurface) VALUES (23, 9, 20, 11000);
INSERT INTO farm (farmID, growingZoneID, farmerID, productiveSurface) VALUES (24, 10, 21, 7500);
INSERT INTO farm (farmID, growingZoneID, farmerID, productiveSurface) VALUES (25, 8, 22, 8500);
INSERT INTO farm (farmID, growingZoneID, farmerID, productiveSurface) VALUES (26, 17, 23, 95000);
INSERT INTO farm (farmID, growingZoneID, farmerID, productiveSurface) VALUES (27, 2, 24, 6500);
INSERT INTO farm (farmID, growingZoneID, farmerID, productiveSurface) VALUES (28, 17, 23, 10500);
INSERT INTO farm (farmID, growingZoneID, farmerID, productiveSurface) VALUES (29, 2, 24, 55000);
INSERT INTO farm (farmID, growingZoneID, farmerID, productiveSurface) VALUES (30, 3, 25, 75000);

INSERT INTO crop (cropID, speciesID, cropName) VALUES (1, 1, 'Apples');
INSERT INTO crop (cropID, speciesID, cropName) VALUES (2, 2, 'Blueberries');
INSERT INTO crop (cropID, speciesID, cropName) VALUES (3, 3, 'Pears');
INSERT INTO crop (cropID, speciesID, cropName) VALUES (4, 4, 'Peaches');
INSERT INTO crop (cropID, speciesID, cropName) VALUES (5, 5, 'Grapes');
INSERT INTO crop (cropID, speciesID, cropName) VALUES (6, 6, 'Cranberry');
INSERT INTO crop (cropID, speciesID, cropName) VALUES (7, 7, 'Strawberry');
INSERT INTO crop (cropID, speciesID, cropName) VALUES (8, 8, 'Wheat');
INSERT INTO crop (cropID, speciesID, cropName) VALUES (9, 9, 'Barley');
INSERT INTO crop (cropID, speciesID, cropName) VALUES (10, 10, 'Corn');
INSERT INTO crop (cropID, speciesID, cropName) VALUES (11, 11, 'Sunflowers');
INSERT INTO crop (cropID, speciesID, cropName) VALUES (12, 12, 'Potatoes');
INSERT INTO crop (cropID, speciesID, cropName) VALUES (13, 13, 'Lettuce');
INSERT INTO crop (cropID, speciesID, cropName) VALUES (14, 14, 'Onions');
INSERT INTO crop (cropID, speciesID, cropName) VALUES (15, 15, 'Asparagus');
INSERT INTO crop (cropID, speciesID, cropName) VALUES (16, 16, 'Beets');
INSERT INTO crop (cropID, speciesID, cropName) VALUES (17, 17, 'Tomatoes');
INSERT INTO crop (cropID, speciesID, cropName) VALUES (18, 18, 'Carrots');
INSERT INTO crop (cropID, speciesID, cropName) VALUES (19, 19, 'Soybeans');
INSERT INTO crop (cropID, speciesID, cropName) VALUES (20, 20, 'Green Beans');
INSERT INTO crop (cropID, speciesID, cropName) VALUES (21, 21, 'Lentils');
INSERT INTO crop (cropID, speciesID, cropName) VALUES (22, 22, 'Chickpeas');
INSERT INTO crop (cropID, speciesID, cropName) VALUES (23, 23, 'Peas');
INSERT INTO crop (cropID, speciesID, cropName) VALUES (24, 24, 'Kidney Beans');
INSERT INTO crop (cropID, speciesID, cropName) VALUES (25, 25, 'Black Beans');

INSERT INTO farm_crop_bridge (farmID, cropID, targetYield, costPerSurf, revenuePerSurf, yieldPerSurf) VALUES (1, 1, 15, 400, 600, 40);
INSERT INTO farm_crop_bridge (farmID, cropID, targetYield, costPerSurf, revenuePerSurf, yieldPerSurf) VALUES (2, 2, 3, 2400, 3500, 24);
INSERT INTO farm_crop_bridge (farmID, cropID, targetYield, costPerSurf, revenuePerSurf, yieldPerSurf) VALUES (3, 3, 20, 1300, 1800, 24);
INSERT INTO farm_crop_bridge (farmID, cropID, targetYield, costPerSurf, revenuePerSurf, yieldPerSurf) VALUES (4, 4, 15, 1800, 2500, 75);
INSERT INTO farm_crop_bridge (farmID, cropID, targetYield, costPerSurf, revenuePerSurf, yieldPerSurf) VALUES (5, 5, 8, 1800, 2500, 48);
INSERT INTO farm_crop_bridge (farmID, cropID, targetYield, costPerSurf, revenuePerSurf, yieldPerSurf) VALUES (6, 6, 12, 1750, 1750, 108);
INSERT INTO farm_crop_bridge (farmID, cropID, targetYield, costPerSurf, revenuePerSurf, yieldPerSurf) VALUES (7, 7, 5, 1600, 1600, 35);
INSERT INTO farm_crop_bridge (farmID, cropID, targetYield, costPerSurf, revenuePerSurf, yieldPerSurf) VALUES (8, 8, 2.5, 1400, 1800, 2.75);
INSERT INTO farm_crop_bridge (farmID, cropID, targetYield, costPerSurf, revenuePerSurf, yieldPerSurf) VALUES (9, 9, 2, 1300, 1500, 15);
INSERT INTO farm_crop_bridge (farmID, cropID, targetYield, costPerSurf, revenuePerSurf, yieldPerSurf) VALUES (10, 10, 10, 1500, 1900, 85);
INSERT INTO farm_crop_bridge (farmID, cropID, targetYield, costPerSurf, revenuePerSurf, yieldPerSurf) VALUES (11, 11, 1.5, 1600, 1850, 12.75);
INSERT INTO farm_crop_bridge (farmID, cropID, targetYield, costPerSurf, revenuePerSurf, yieldPerSurf) VALUES (12, 12, 25, 1100, 1400, 78);
INSERT INTO farm_crop_bridge (farmID, cropID, targetYield, costPerSurf, revenuePerSurf, yieldPerSurf) VALUES (13, 13, 15, 1200, 1600, 157.5);
INSERT INTO farm_crop_bridge (farmID, cropID, targetYield, costPerSurf, revenuePerSurf, yieldPerSurf) VALUES (14, 14, 20, 1100, 1400, 110);
INSERT INTO farm_crop_bridge (farmID, cropID, targetYield, costPerSurf, revenuePerSurf, yieldPerSurf) VALUES (15, 15, 3, 1700, 2200, 22.5);
INSERT INTO farm_crop_bridge (farmID, cropID, targetYield, costPerSurf, revenuePerSurf, yieldPerSurf) VALUES (16, 16, 20, 1300, 1500, 160);
INSERT INTO farm_crop_bridge (farmID, cropID, targetYield, costPerSurf, revenuePerSurf, yieldPerSurf) VALUES (17, 17, 30, 1500, 1700, 297);
INSERT INTO farm_crop_bridge (farmID, cropID, targetYield, costPerSurf, revenuePerSurf, yieldPerSurf) VALUES (18, 18, 25, 900, 1100, 30);
INSERT INTO farm_crop_bridge (farmID, cropID, targetYield, costPerSurf, revenuePerSurf, yieldPerSurf) VALUES (19, 19, 2.5, 1400, 1600, 125);
INSERT INTO farm_crop_bridge (farmID, cropID, targetYield, costPerSurf, revenuePerSurf, yieldPerSurf) VALUES (20, 20, 3, 1200, 1400, 18);
INSERT INTO farm_crop_bridge (farmID, cropID, targetYield, costPerSurf, revenuePerSurf, yieldPerSurf) VALUES (21, 21, 1, 1300, 1500, 1);
INSERT INTO farm_crop_bridge (farmID, cropID, targetYield, costPerSurf, revenuePerSurf, yieldPerSurf) VALUES (22, 22, 1.5, 1300, 1550, 1);
INSERT INTO farm_crop_bridge (farmID, cropID, targetYield, costPerSurf, revenuePerSurf, yieldPerSurf) VALUES (23, 23, 3, 1200, 1400, 9.1);
INSERT INTO farm_crop_bridge (farmID, cropID, targetYield, costPerSurf, revenuePerSurf, yieldPerSurf) VALUES (24, 24, 2, 1200, 1450, 1.5);
INSERT INTO farm_crop_bridge (farmID, cropID, targetYield, costPerSurf, revenuePerSurf, yieldPerSurf) VALUES (25, 25, 2, 300, 375, 3.75);
INSERT INTO farm_crop_bridge (farmID, cropID, targetYield, costPerSurf, revenuePerSurf, yieldPerSurf) VALUES (1, 2, 3, 800, 1180, 8);
INSERT INTO farm_crop_bridge (farmID, cropID, targetYield, costPerSurf, revenuePerSurf, yieldPerSurf) VALUES (1, 3, 20, 400, 600, 60);
INSERT INTO farm_crop_bridge (farmID, cropID, targetYield, costPerSurf, revenuePerSurf, yieldPerSurf) VALUES (25, 8, 2.5, 1400, 1800, 5);
INSERT INTO farm_crop_bridge (farmID, cropID, targetYield, costPerSurf, revenuePerSurf, yieldPerSurf) VALUES (25, 9, 2, 300, 500, 3.75);
INSERT INTO farm_crop_bridge (farmID, cropID, targetYield, costPerSurf, revenuePerSurf, yieldPerSurf) VALUES (25, 10, 10, 330, 419, 18.75);

COMMIT;



